{
  "project_info": {
    "project_number": "329447997644",
    "project_id": "ecommerce-d4f4e",
    "storage_bucket": "ecommerce-d4f4e.appspot.com"
  },
  "client": [
    {
      "client_info": {
        "mobilesdk_app_id": "1:329447997644:android:fc796307a1ef7dc9810269",
        "android_client_info": {
          "package_name": "com.example.ecommerce"
        }
      },
      "oauth_client": [
        {
          "client_id": "329447997644-1rrogusnvjvj41535e1pa7o43okf480l.apps.googleusercontent.com",
          "client_type": 3
        }
      ],
      "api_key": [
        {
          "current_key": "AIzaSyBRR7Hf70uTXvJ3y0GzIkRd4TYSoL1vobs"
        }
      ],
      "services": {
        "appinvite_service": {
          "other_platform_oauth_client": [
            {
              "client_id": "329447997644-1rrogusnvjvj41535e1pa7o43okf480l.apps.googleusercontent.com",
              "client_type": 3
            }
          ]
        }
      }
    }
  ],
  "configuration_version": "1"
}